Date,Close/Last,Volume,Open,High,Low
01/31/2022,$52.73,20255200,$50.5,$52.75,$49.97
01/28/2022,$50.24,26732580,$51.25,$51.25,$49.24
01/27/2022,$51.45,21357410,$52.845,$53.35,$51.0699
01/26/2022,$52.35,23174310,$53.57,$53.99,$51.47
01/25/2022,$51.9,22164490,$51.6,$52.5133,$50.82
01/24/2022,$52.64,32997070,$51.4,$52.66,$49.365
01/21/2022,$53.28,25692830,$54.52,$54.7,$52.6857
01/20/2022,$54.65,21554100,$56.02,$57.3256,$54.415
01/19/2022,$56.24,20576030,$59.31,$59.8399,$56.125
01/18/2022,$58.79,18317580,$60.13,$60.35,$58.54
01/14/2022,$61.1,16180300,$61.1,$61.765,$59.99
01/13/2022,$61.77,19282960,$61.45,$63.38,$61.15
01/12/2022,$61.03,20214960,$62.47,$62.72,$59.635
01/11/2022,$61.46,16463830,$61.25,$61.555,$60.1501
01/10/2022,$61.07,18980400,$61.52,$62,$60.035
01/07/2022,$62.27,17136110,$63.81,$63.91,$61.42
01/06/2022,$62.87,20650940,$63.165,$63.5,$61.67
01/05/2022,$62.74,43578700,$65.52,$67.21,$62.6
01/04/2022,$65.74,44691260,$61.955,$65.98,$61.955
01/03/2022,$61.17,21002090,$59.87,$61.57,$59.74
12/31/2021,$58.63,9856338,$58,$59.05,$57.92
12/30/2021,$58.13,11965920,$57.45,$58.78,$57.26
12/29/2021,$57.23,7982315,$57.11,$57.7,$56.74
12/28/2021,$57.11,8583973,$57.4,$58.12,$57.01
12/27/2021,$57.43,9085790,$56.89,$57.75,$56.53
12/23/2021,$56.91,13722300,$56.07,$57.0946,$55.77
12/22/2021,$56.08,16693960,$54.79,$56.345,$54.75
12/21/2021,$54.79,15571260,$54.5,$54.9,$53.84
12/20/2021,$54.04,19073870,$54.02,$54.54,$53.14
12/17/2021,$55.16,42236470,$56.2,$56.39,$54.51
12/16/2021,$58.39,17772240,$59.4,$60.62,$58.025
12/15/2021,$58.61,14471570,$58.3,$58.89,$57.035
12/14/2021,$58.4,17928740,$57.97,$59.2,$57.7003
12/13/2021,$59.13,27327010,$62.07,$62.18,$59.02
12/10/2021,$63.21,22839820,$60.1,$63.285,$60.1
12/09/2021,$59.62,12964760,$60.38,$60.63,$59.59
12/08/2021,$60.78,10004100,$61.65,$61.81,$60.4188
12/07/2021,$61.53,14135730,$60.91,$62.38,$60.7
12/06/2021,$59.84,16728220,$60.47,$60.73,$58.7
12/03/2021,$59.71,19596050,$61.235,$61.69,$58.87
12/02/2021,$61.02,25365110,$58.75,$61.3,$58.7
12/01/2021,$58.06,26371660,$59.25,$60.59,$58.01
11/30/2021,$57.87,21282190,$59.2,$59.84,$57.44
11/29/2021,$59.86,15033080,$61.11,$61.54,$59.65
11/26/2021,$60.17,13272570,$59.8,$60.57,$59.46
11/24/2021,$62.19,12685010,$62.3,$62.6,$61.63
11/23/2021,$63.05,16231230,$63.73,$64.04,$62.26
11/22/2021,$64.06,19844300,$61.95,$64.955,$61.76
11/19/2021,$61.8,19520640,$62.48,$62.9699,$61.56
11/18/2021,$62.33,23308100,$64.33,$65.18,$62.09
11/17/2021,$64.61,29983380,$63.33,$65.07,$62.375
11/16/2021,$62.61,16114990,$63.24,$63.28,$61.93
11/15/2021,$62.97,14372130,$63.655,$63.73,$62.625
11/12/2021,$63.4,31152380,$61.59,$64.03,$61.28
11/11/2021,$61.82,29033880,$59.82,$62.15,$59.3065
11/10/2021,$59.27,22778550,$57.85,$60.555,$57.73
11/09/2021,$58.62,13822870,$59.81,$59.93,$57.81
11/08/2021,$59.6,14385450,$58.76,$60.33,$58.48
11/05/2021,$58.52,16302210,$59.15,$59.35,$58.05
11/04/2021,$58.64,24026100,$56.47,$58.77,$56.27
11/03/2021,$56,14419370,$55.26,$56.17,$55.09
11/02/2021,$55.59,16377490,$55.03,$55.975,$54.68
11/01/2021,$55.49,15677570,$54.85,$55.74,$54.42
10/29/2021,$54.43,16680740,$53.9,$55.04,$53.612
10/28/2021,$54.24,23020300,$54.6,$55.58,$54.06
10/27/2021,$54.26,36397560,$55.6,$55.76,$54.155
10/26/2021,$57.37,16335760,$58.02,$58.295,$56.96
10/25/2021,$57.76,14151030,$58.05,$58.31,$56.84
10/22/2021,$57.77,11077610,$58.37,$58.7,$57.64
10/21/2021,$58.41,11585400,$58,$58.67,$57.73
10/20/2021,$57.67,13399850,$56.36,$58.24,$56.22
10/19/2021,$56.85,10589020,$57,$57.06,$56.53
10/18/2021,$56.89,12667900,$57.41,$57.58,$56.845
10/15/2021,$58,12914590,$58.34,$58.7146,$57.85
10/14/2021,$57.69,11457550,$58.1,$58.29,$57.45
10/13/2021,$57.77,18813800,$58.94,$58.94,$57.08
10/12/2021,$58.96,17094970,$58.52,$59.33,$57.86
10/11/2021,$58.09,17665710,$58.79,$59.345,$57.77
10/08/2021,$58.57,33724940,$56.54,$59.21,$56.3811
10/07/2021,$56.44,31005970,$54.85,$56.74,$54.435
10/06/2021,$53.93,29520790,$54.49,$55.5,$53.15
10/05/2021,$54.34,18201520,$54.19,$54.735,$53.6488
10/04/2021,$53.98,29206680,$54.9,$55.64,$53.68
10/01/2021,$53.13,16660420,$53.03,$53.38,$52.25
09/30/2021,$52.71,16328190,$52.93,$53.2,$52.18
09/29/2021,$52.93,10881060,$53.3,$53.36,$52.53
09/28/2021,$52.85,16422910,$53.77,$54.21,$52.7
09/27/2021,$53.24,13861380,$52.41,$53.57,$52.38
09/24/2021,$52.23,11643550,$51.88,$52.63,$51.72
09/23/2021,$51.92,14043210,$51.1,$52.075,$51.04
09/22/2021,$50.78,14038300,$50.03,$51.22,$50.03
09/21/2021,$49.37,14172720,$49.57,$49.775,$48.785
09/20/2021,$49.37,24540600,$49.45,$49.54,$48.37
09/17/2021,$51.33,45119260,$51.33,$51.93,$50.99
09/16/2021,$51.52,12617330,$51.59,$51.9,$50.91
09/15/2021,$51.82,13658530,$50.79,$51.93,$50.54
09/14/2021,$50.74,12587250,$51.22,$51.42,$50.5
09/13/2021,$50.82,18506470,$50.11,$50.95,$49.6
09/10/2021,$49.49,22774720,$48.69,$50.42,$48.69
09/09/2021,$48.42,13739530,$48.95,$48.95,$47.8
09/08/2021,$48.97,11136340,$48.64,$49.52,$48.42
09/07/2021,$48.72,12316200,$48.49,$49.225,$48.4201
09/03/2021,$48.82,9937933,$48.8,$48.995,$48.42
09/02/2021,$48.95,13370750,$49.15,$49.5,$48.81
09/01/2021,$49.11,10982080,$49.1,$49.64,$48.68
08/31/2021,$49.01,14293110,$49.17,$49.43,$48.67
08/30/2021,$49.17,13708990,$49.95,$49.95,$48.95
08/27/2021,$49.8,14874280,$48.75,$50.07,$48.66
08/26/2021,$48.62,16599240,$49.47,$49.47,$48.5201
08/25/2021,$49.7,14406590,$49.49,$49.93,$49.16
08/24/2021,$49.57,21394700,$48.5,$49.865,$48.23
08/23/2021,$48.18,30149160,$48.16,$48.35,$47.07
08/20/2021,$48.8,16898400,$48.96,$49.14,$48.35
08/19/2021,$49.08,23387330,$50,$50.22,$48.67
08/18/2021,$50.84,15271360,$50.53,$51.4899,$50.4
08/17/2021,$50.47,28477810,$51.98,$52.08,$50.2
08/16/2021,$52.95,17029240,$53.01,$53.255,$52.49
08/13/2021,$53.65,11849190,$54.56,$54.71,$53.59
08/12/2021,$54.62,10766210,$54.44,$55.04,$54.185
08/11/2021,$54.27,15814570,$54.42,$54.5,$53.45
08/10/2021,$54.26,14479060,$54,$54.38,$53.66
08/09/2021,$53.95,16079980,$54.27,$54.37,$53.4
08/06/2021,$55.05,14970100,$54.81,$55.345,$54.26
08/05/2021,$54.44,28571440,$53.86,$54.88,$53.55
08/04/2021,$52.72,67667170,$55.23,$55.45,$52.21
08/03/2021,$57.88,12273520,$57.47,$57.96,$56.61
08/02/2021,$57.03,12397530,$57.37,$58.6,$56.88
07/30/2021,$56.84,13185460,$56.72,$57.805,$56.62
07/29/2021,$57.28,15438980,$57,$57.7398,$56.82
07/28/2021,$55.49,10549240,$55.42,$55.86,$54.685
07/27/2021,$55,13374880,$55.21,$55.36,$54.215
07/26/2021,$55.77,9589042,$55.24,$55.91,$55.1
07/23/2021,$54.94,14535960,$55.31,$55.786,$54.81
07/22/2021,$55.64,12019880,$56.75,$56.76,$55.49
07/21/2021,$57.05,11035170,$56.8,$57.47,$56.56
07/20/2021,$56.15,13292000,$54.26,$56.38,$54.12
07/19/2021,$54.18,20942080,$53.9,$54.43,$52.63
07/16/2021,$55.46,13611410,$57.48,$57.48,$55.37
07/15/2021,$56.95,12103430,$57.12,$57.69,$56.59
07/14/2021,$58,12520540,$58.89,$59.36,$57.705
07/13/2021,$58.73,14604230,$59.04,$59.26,$58.255
07/12/2021,$58.97,14513200,$58.56,$59.17,$57.82
07/09/2021,$58.76,24361340,$58.8,$58.92,$57.885
07/08/2021,$56.06,14087370,$55.3,$56.585,$54.86
07/07/2021,$56.59,13077580,$57.34,$57.4,$56.13
07/06/2021,$57.46,16155580,$58.92,$58.93,$57.01
07/02/2021,$58.96,9699563,$59.11,$59.32,$58.52
07/01/2021,$59.11,11752120,$59.44,$59.73,$58.775
06/30/2021,$59.17,12330500,$58.74,$59.465,$58.61
06/29/2021,$58.83,12171830,$59.2,$59.545,$58.7
06/28/2021,$58.64,17152710,$60.31,$60.38,$58.433
06/25/2021,$60.3,14255100,$60.29,$60.58,$60.0201
06/24/2021,$60.04,14445340,$60.39,$60.5,$59.76
06/23/2021,$60.12,11527880,$59.85,$60.43,$59.46
06/22/2021,$59.24,8928515,$59.54,$59.6,$59.02
06/21/2021,$59.3,12276890,$59.75,$59.75,$58.82
06/18/2021,$58.76,25602760,$59.28,$59.59,$58.41
06/17/2021,$60.08,19712090,$61.82,$62.4018,$59.36
06/16/2021,$61.76,31080000,$62.46,$63.09,$61.2
06/15/2021,$60.81,10736980,$60.68,$61.11,$59.98
06/14/2021,$60.79,15443290,$61.47,$61.64,$60.305
06/11/2021,$61.49,10205010,$61.36,$62.011,$61.1624
06/10/2021,$61.34,16141860,$62.83,$63.0495,$61.165
06/09/2021,$62.77,14371330,$63.95,$64.158,$62.69
06/08/2021,$63.92,13027190,$63.02,$63.965,$62.43
06/07/2021,$63.23,15549750,$63.98,$64.3,$62.63
06/04/2021,$63.37,21072290,$63.57,$63.88,$62.39
06/03/2021,$63.46,38179710,$61.57,$63.675,$60.71
06/02/2021,$59.65,11975380,$60.26,$60.26,$59.13
06/01/2021,$59.65,10428970,$59.99,$60.25,$59.25
05/28/2021,$59.31,12668070,$59.88,$59.99,$58.59
05/27/2021,$59.77,33843790,$60,$60.72,$59.21
05/26/2021,$58.08,14242710,$56.97,$58.17,$56.77
05/25/2021,$56.76,16362250,$56.87,$58.17,$56.705
05/24/2021,$56.6,8943030,$57.05,$57.2,$56.32
05/21/2021,$56.72,15150890,$56.01,$58.78,$55.77
05/20/2021,$55.51,11504050,$55.92,$56.04,$55.19
05/19/2021,$55.53,11693670,$55,$55.62,$54.1206
05/18/2021,$55.89,11464410,$56.23,$56.81,$55.85
05/17/2021,$56.04,11028460,$55.84,$56.115,$55.19
05/14/2021,$56,11313030,$55.12,$56.04,$55.01
05/13/2021,$54.6,13314890,$54.43,$55.51,$54.13
05/12/2021,$53.76,19348650,$55.54,$55.71,$53.52
05/11/2021,$55.73,22773190,$56.15,$56.75,$54.87
05/10/2021,$57.41,14591600,$59,$59.58,$57.36
05/07/2021,$58.99,15480480,$58,$59.045,$57.27
05/06/2021,$58.72,20108090,$57.43,$58.77,$57.43
05/05/2021,$57.58,14399090,$57.09,$57.89,$56.33
05/04/2021,$55.34,22262270,$56.55,$56.59,$54.82
05/03/2021,$57.15,11585140,$57.6,$58.34,$56.705
04/30/2021,$57.22,15348270,$56.18,$57.34,$56.09
04/29/2021,$56.57,21315630,$57.74,$57.75,$55.69
04/28/2021,$58.55,10485210,$59,$59,$58.27
04/27/2021,$58.97,9293520,$58.265,$59.1,$58.02
04/26/2021,$58.21,11553940,$57.86,$58.58,$57.6599
04/23/2021,$57.53,10808450,$56.77,$57.7382,$56.43
04/22/2021,$56.66,15822210,$57.54,$57.8,$56.13
04/21/2021,$57.49,14648710,$55.28,$57.5,$54.71
04/20/2021,$55.77,23736070,$57.12,$57.28,$54.92
04/19/2021,$57.88,12262460,$58.57,$58.74,$57.23
04/16/2021,$58.71,11087330,$59.01,$59.31,$58.28
04/15/2021,$58.61,14395680,$59.45,$59.53,$58.37
04/14/2021,$58.48,14618110,$58.59,$59.65,$58.25
04/13/2021,$58.49,17416610,$59.23,$59.54,$57.89
04/12/2021,$59.66,10230960,$60.2,$60.29,$59.29
04/09/2021,$60.16,12182310,$59.56,$60.38,$59.42
04/08/2021,$60.09,19016320,$60.36,$60.75,$58.81
04/07/2021,$60.83,17167950,$61.86,$61.865,$60.69
04/06/2021,$61.94,39518700,$60.5,$63.44,$60.44
04/05/2021,$61.04,24632990,$59,$61.185,$58.75
04/01/2021,$57.8,17783620,$57.92,$58.22,$57.035
03/31/2021,$57.46,20761350,$58.28,$58.58,$57.265
03/30/2021,$58.51,19606810,$56.6,$58.63,$56.4
03/29/2021,$55.94,16058430,$56.08,$57.2,$55.74
03/26/2021,$56.52,16358870,$57.01,$57.34,$55.345
03/25/2021,$56.6,16178460,$54.6,$56.82,$54.25
03/24/2021,$55.81,20567210,$56.68,$57.48,$55.71
03/23/2021,$56.16,21280750,$56.99,$57.7621,$55.705
03/22/2021,$58.1,30094910,$58.75,$58.93,$56.51
03/19/2021,$59.82,23346210,$59.34,$60.32,$58.18
03/18/2021,$59.27,34844940,$60.06,$62.24,$58.88
03/17/2021,$60.05,23746170,$57.24,$60.115,$57.15
03/16/2021,$57.12,16177030,$58.36,$58.57,$56.8
03/15/2021,$57.94,19752510,$59.31,$59.31,$57.21
03/12/2021,$59.26,29829610,$56,$59.62,$55.7
03/11/2021,$56.33,20244670,$56.87,$57.17,$55.94
03/10/2021,$56.83,22760580,$55,$56.95,$54.88
03/09/2021,$54.65,17902160,$55.36,$55.43,$54.0337
03/08/2021,$54.98,24450450,$54.29,$56.2,$53.74
03/05/2021,$53.75,25189990,$52.59,$53.99,$50.48
03/04/2021,$51.83,26231870,$52.99,$54.1799,$50.25
03/03/2021,$52.67,19667240,$54.5,$54.88,$52.66
03/02/2021,$54.11,36267190,$52.6,$55.29,$52.19
03/01/2021,$52.54,15385260,$52.41,$52.8183,$51.82
02/26/2021,$51.33,17125140,$50.87,$51.73,$49.92
02/25/2021,$50.6,20628940,$52.7,$52.93,$50.5502
02/24/2021,$52.9,18374960,$51.95,$53.21,$51.29
02/23/2021,$51.11,21202690,$51,$51.38,$49.35
02/22/2021,$51.98,14501270,$52,$52.93,$51.8803
02/19/2021,$52.57,15354380,$52.5,$53.29,$52.22
02/18/2021,$52.16,17615890,$52.56,$52.62,$51.6
02/17/2021,$52.89,14311990,$52.84,$53.33,$52.08
02/16/2021,$53.46,18541590,$53.71,$53.99,$53.22
02/12/2021,$53.6,15317420,$53,$54.19,$52.96
02/11/2021,$51.45,29871450,$52.845,$53.35,$51.0699
02/10/2021,$54.88,55329760,$55.61,$55.69,$52.51
02/09/2021,$56.06,25168810,$56.54,$56.94,$55.735
02/08/2021,$56.88,26990000,$56,$57.05,$55.67
02/05/2021,$54.41,17250190,$54.82,$55.05,$54.15
02/04/2021,$54.13,19243300,$53.34,$54.56,$52.97
02/03/2021,$54.25,30706460,$53.3,$55.05,$53.19
02/02/2021,$52.72,20457410,$52.3,$52.98,$51.955
02/01/2021,$51.51,21451290,$51.46,$51.95,$50.44
01/29/2021,$50.68,26466800,$50.7,$51.78,$49.96
01/28/2021,$51.04,37573420,$49.88,$53,$49.56
01/27/2021,$49.34,38315160,$50.8,$50.86,$48.71
01/26/2021,$52.04,21648200,$53.39,$53.585,$51.81
01/25/2021,$53.39,39844160,$54.95,$55.1559,$51.02
01/22/2021,$55.4,23895590,$54.5,$55.77,$54.27
01/21/2021,$55.08,39886580,$56.325,$56.97,$54.76
01/20/2021,$53.39,47428520,$54.95,$55.1559,$51.02
01/19/2021,$54.84,64143970,$53.69,$55.1399,$52.26
01/15/2021,$49.97,25293740,$51.3,$51.4,$49.255
01/14/2021,$51.53,36839850,$49.5,$51.87,$49.33
01/13/2021,$48.73,49229700,$50.78,$50.97,$48.06
01/12/2021,$47.82,63889310,$46.3,$48.95,$45.65
01/11/2021,$45.01,25887260,$43.015,$45.28,$42.63
01/08/2021,$43.06,18426230,$43.31,$43.49,$42.315
01/07/2021,$43.32,13625730,$43.98,$43.98,$42.96
01/06/2021,$42.98,22694900,$41.92,$43.85,$41.86
01/05/2021,$41.66,18045830,$40.06,$41.84,$40.0404
01/04/2021,$40.51,15768080,$41.95,$42.12,$40.14
12/31/2020,$41.64,11101330,$41.76,$41.8,$41.2
12/30/2020,$41.84,6491928,$41.65,$42.2,$41.57
12/29/2020,$41.57,7987675,$41.89,$42.13,$41.37
12/28/2020,$41.66,10471360,$42,$42.19,$41.63
12/24/2020,$41.58,7825369,$42.06,$42.2,$41.205
12/23/2020,$42.45,17573080,$41.18,$42.89,$41.1
12/22/2020,$40.9,10602720,$41.35,$41.4,$40.55
12/21/2020,$41.21,15533940,$40.26,$41.5,$40.06
12/18/2020,$41.01,21808270,$42.02,$42.05,$40.59
12/17/2020,$42.03,12081560,$41.71,$42.03,$41.43
12/16/2020,$41.42,15134090,$41.79,$41.87,$40.81
12/15/2020,$41.66,12531590,$41.99,$42.1605,$41.31
12/14/2020,$41.62,9995687,$42.49,$42.54,$41.42
12/11/2020,$41.92,15555640,$42.48,$42.68,$41.62
12/10/2020,$42.87,18235570,$43.83,$43.88,$42.46
12/09/2020,$44.43,12470460,$44.13,$44.55,$43.91
12/08/2020,$43.8,10160440,$43.72,$44.18,$43.42
12/07/2020,$44.31,9207532,$44.4,$44.4,$43.575
12/04/2020,$44.4,11895200,$44.4,$44.735,$44.13
12/03/2020,$44.09,13437830,$44.79,$44.87,$43.96
12/02/2020,$44.58,11280740,$44,$44.5999,$43.67
12/01/2020,$44.68,12995000,$44.78,$45.45,$44
11/30/2020,$43.84,21600460,$44.96,$45.32,$43.62
11/27/2020,$45.06,7528791,$45.35,$45.59,$44.75
11/25/2020,$45.46,16122250,$45.61,$46.06,$44.64
11/24/2020,$46.46,20048740,$45.91,$46.71,$45.07
11/23/2020,$44.77,22569560,$43.96,$45.16,$43.56
11/20/2020,$43.04,16887840,$42.81,$43.32,$42.37
11/19/2020,$42.82,17214470,$42.61,$43.185,$42.18
11/18/2020,$42.72,27632540,$42.19,$44.13,$42.06
11/17/2020,$41.98,16088210,$41.85,$42.54,$41.14
11/16/2020,$42.13,16692060,$41.77,$42.15,$40.92
11/13/2020,$41.19,15021310,$39.69,$41.32,$39.595
11/12/2020,$39.32,20268330,$40.11,$40.24,$38.8113
11/11/2020,$40.56,19841050,$41.29,$41.77,$40.11
11/10/2020,$41.08,26746940,$39.75,$41.59,$39.56
11/09/2020,$38.96,22100750,$38.72,$39.72,$38.63
11/06/2020,$37.47,18089200,$37.5,$38.14,$37.01
11/05/2020,$37.14,35075000,$36.9,$37.25,$35.34
11/04/2020,$35.24,14740620,$35.31,$35.77,$34.23
11/03/2020,$35.35,11439110,$35.1,$35.985,$34.8934
11/02/2020,$34.55,14648410,$35.12,$35.3849,$34.38
10/30/2020,$34.53,13074620,$34.46,$35.03,$33.96
10/29/2020,$34.89,14230350,$34.51,$35.66,$34.36
10/28/2020,$34.09,15010800,$33.73,$34.63,$33.55
10/27/2020,$34.89,11168570,$35.55,$35.855,$34.75
10/26/2020,$35.82,15448130,$36.27,$36.43,$35.2
10/23/2020,$36.83,16296330,$37.49,$38.03,$36.78
10/22/2020,$37.41,23288870,$35.9,$37.43,$35.88
10/21/2020,$35.77,23277870,$36.1,$36.28,$35.13
10/20/2020,$35.6,38660940,$33.96,$36.365,$33.77
10/19/2020,$33.35,10527290,$33.5,$33.865,$33.05
10/16/2020,$33.45,11956110,$32.88,$33.47,$32.68
10/15/2020,$32.59,11829830,$30.99,$32.69,$30.95
10/14/2020,$31.67,8018000,$32.08,$32.24,$31.53
10/13/2020,$31.87,7842070,$32.13,$32.28,$31.465
10/12/2020,$32.21,6932582,$32.36,$32.67,$32.1217
10/09/2020,$32.16,9411657,$32.3,$32.68,$32.015
10/08/2020,$32.21,17323330,$31.9,$32.635,$31.795
10/07/2020,$31.62,11794970,$30.85,$31.76,$30.81
10/06/2020,$30.4,10293660,$31.27,$31.45,$30.3
10/05/2020,$30.96,8314143,$30.85,$31.29,$30.8
10/02/2020,$30.46,9474033,$29.65,$30.9,$29.59
10/01/2020,$30.38,15052940,$29.52,$30.51,$29.15
09/30/2020,$29.59,11523760,$28.89,$29.82,$28.89
09/29/2020,$28.74,7438617,$29.27,$29.4,$28.5
09/28/2020,$29.44,8395670,$29.82,$30.04,$29.38
09/25/2020,$29,9350419,$28.86,$29.22,$28.56
09/24/2020,$29.11,12393740,$29.05,$29.585,$28.24
09/23/2020,$29.34,10899720,$29.49,$29.99,$29.2001
09/22/2020,$29.44,11106810,$29.85,$30.36,$29.325
09/21/2020,$30,20577930,$30.3,$30.42,$29.16
09/18/2020,$31.5,15040940,$31.85,$32.05,$31.36
09/17/2020,$31.92,11459930,$31.31,$31.95,$30.95
09/16/2020,$31.79,16402400,$32.68,$32.79,$31.74
09/15/2020,$31.58,21096310,$31.36,$33.14,$30.825
09/14/2020,$31.18,11972070,$30.72,$31.56,$30.535
09/11/2020,$30.46,13638660,$30.3,$30.57,$29.87
09/10/2020,$30.17,24848220,$31.82,$31.88,$30.14
09/09/2020,$31.95,22376280,$32.11,$32.75,$31.725
09/08/2020,$32.38,52000040,$31.72,$33.33,$31.05
09/04/2020,$30,13821990,$29.93,$30.37,$29.355
09/03/2020,$29.48,22358110,$30.93,$31.52,$29.13
09/02/2020,$30.96,16246160,$29.85,$31.09,$29.8004
09/01/2020,$29.79,9012046,$29.53,$29.85,$29.34
08/31/2020,$29.63,9585300,$30.02,$30.19,$29.61
08/28/2020,$30.02,9180199,$29.86,$30.225,$29.635
08/27/2020,$29.69,8745402,$29.6,$30.235,$29.52
08/26/2020,$29.48,9740007,$29.78,$29.83,$29.12
08/25/2020,$29.69,13006670,$30.4,$30.73,$29.48
08/24/2020,$30.31,20137880,$29.28,$30.755,$28.99
08/21/2020,$28.56,9841202,$28.74,$28.9548,$28.43
08/20/2020,$28.83,9680168,$28.7,$29.17,$28.64
08/19/2020,$29.22,14504200,$29.65,$30.0281,$29.08
08/18/2020,$29.84,23102830,$30.55,$31.12,$29.79
08/17/2020,$30.01,33827830,$28.6,$30.775,$28.4284
08/14/2020,$27.86,8587722,$27.29,$28.125,$27.15
08/13/2020,$27.55,7586072,$27.73,$28.22,$27.5
08/12/2020,$28.03,10062450,$28.99,$29.75,$27.78
08/11/2020,$28.52,17260200,$28.47,$29.3481,$28.435
08/10/2020,$27.98,10853600,$26.91,$28.06,$26.86
08/07/2020,$26.72,8038761,$26.48,$26.81,$26.17
08/06/2020,$26.62,14171810,$26.17,$27.19,$26.15
08/05/2020,$26.33,9252746,$26.2,$26.35,$25.88
08/04/2020,$25.8,15609610,$25.87,$26.03,$25.51
08/03/2020,$25.64,10445590,$25.06,$25.77,$24.82
07/31/2020,$24.89,17784320,$25.12,$25.15,$24.44
07/30/2020,$25.2,16012010,$25.13,$25.46,$25.02
07/29/2020,$25.89,28792150,$27.04,$27.05,$24.93
07/28/2020,$26.33,12854300,$25.78,$26.745,$25.69
07/27/2020,$25.7,16598110,$25.88,$25.92,$25.31
07/24/2020,$26.25,8584829,$26.6,$26.875,$26.11
07/23/2020,$26.76,13653510,$26.44,$27.325,$26.33
07/22/2020,$26.3,10702600,$25.87,$26.5,$25.8
07/21/2020,$26.15,9740141,$26.17,$26.48,$25.97
07/20/2020,$26.01,8663498,$26.21,$26.54,$25.77
07/17/2020,$26.45,8241084,$26.99,$27,$26.25
07/16/2020,$26.85,9736414,$26.35,$27.185,$26.26
07/15/2020,$26.88,14893700,$26.32,$27.03,$26.13
07/14/2020,$25.64,16477080,$24.8,$25.845,$24.67
07/13/2020,$24.86,14766810,$24.65,$25.19,$24.37
07/10/2020,$24.39,15660010,$23.55,$24.4,$23.33
07/09/2020,$23.42,17778150,$24.76,$24.8299,$23.33
07/08/2020,$24.94,11111570,$25.19,$25.255,$24.67
07/07/2020,$25.13,11950540,$25.59,$25.625,$25.06
07/06/2020,$25.73,9172140,$25.96,$26.04,$25.4299
07/02/2020,$25.24,22202260,$25.62,$25.85,$25.082
07/01/2020,$24.96,11963030,$25.3,$25.935,$24.93
06/30/2020,$25.3,14321970,$25.09,$25.595,$24.74
06/29/2020,$25.3,10011690,$24.71,$25.35,$24.475
06/26/2020,$24.46,16476830,$25,$25.11,$24.25
06/25/2020,$25.23,14328320,$25,$25.29,$24.535
06/24/2020,$25.28,14887790,$25.85,$25.98,$25.01
06/23/2020,$26.25,12455450,$26.75,$26.85,$26.23
06/22/2020,$26.37,13079480,$26.6,$26.64,$25.85
06/19/2020,$26.59,27880400,$27.74,$27.83,$26.33
06/18/2020,$27.09,11086370,$26.9,$27.55,$26.71
06/17/2020,$27.16,11123840,$27.78,$28.0501,$27.13
06/16/2020,$27.78,17466140,$29.11,$29.18,$27.475
06/15/2020,$27.77,15321200,$26.61,$28.1,$26.57
06/12/2020,$27.96,21587200,$28.72,$28.96,$27.07
06/11/2020,$26.5,19121920,$26.62,$27.8,$26.29
06/10/2020,$28.75,15647980,$29.8,$29.84,$28.42
06/09/2020,$29.86,16945520,$29.4,$30.215,$28.71
06/08/2020,$30.68,15234200,$31.22,$31.66,$30.6
06/05/2020,$30.61,29418650,$31,$31.15,$29.81
06/04/2020,$29.16,16328790,$28.86,$29.435,$28.52
06/03/2020,$29.07,16860900,$28.42,$29.13,$28.25
06/02/2020,$27.41,10953770,$27.32,$27.615,$26.945
06/01/2020,$26.94,10478950,$25.99,$27.22,$25.91
05/29/2020,$25.88,22223460,$26.35,$26.57,$25.69
05/28/2020,$26.68,11673960,$27.86,$27.94,$26.6
05/27/2020,$27.79,15030740,$28.53,$28.83,$26.91
05/26/2020,$27.4,18870480,$27.82,$27.89,$27.25
05/22/2020,$25.98,14317400,$25.99,$26.23,$25.215
05/21/2020,$25.8,14320720,$25.29,$26.02,$25.21
05/20/2020,$25.48,14056780,$25.31,$25.89,$25.215
05/19/2020,$24.69,18484600,$24.75,$25.7,$24.29
05/18/2020,$24.81,23289190,$24,$25.205,$24
05/15/2020,$22.63,14221280,$21.97,$22.68,$21.83
05/14/2020,$22.31,15629090,$20.66,$22.34,$20.49
05/13/2020,$21.46,16832580,$22.44,$22.45,$21.13
05/12/2020,$22.56,12182920,$22.99,$23.27,$22.55
05/11/2020,$22.8,16754040,$23.25,$23.39,$22.59
05/08/2020,$23.93,16562350,$23.07,$24,$23.05
05/07/2020,$22.44,16983200,$22.18,$22.98,$22.03
05/06/2020,$21.89,34430540,$23.05,$23.65,$21.83
05/05/2020,$21.26,17802260,$21.25,$21.97,$21.12
05/04/2020,$20.75,16188810,$20.45,$20.875,$20.1201
05/01/2020,$20.9,17874490,$21.65,$21.76,$20.8
04/30/2020,$22.29,15272410,$23.44,$23.44,$22.25
04/29/2020,$23.78,23541000,$22.75,$24.565,$22.68
04/28/2020,$22.18,22085530,$23.18,$23.4,$22.1
04/27/2020,$22.45,20240600,$21.52,$22.57,$21.1401
04/24/2020,$21.95,11991400,$21.71,$22.24,$21.54
04/23/2020,$21.52,10673000,$21.55,$22.055,$21.445
04/22/2020,$21.3,9553595,$21.65,$21.78,$21.07
04/21/2020,$21.24,13507350,$21.27,$21.89,$20.98
04/20/2020,$22.38,15912370,$21.72,$22.64,$21.44
04/17/2020,$22.48,17166300,$21.92,$22.54,$21.83
04/16/2020,$20.87,11501690,$21.64,$21.65,$20.555
04/15/2020,$21.66,12760860,$21.92,$22.27,$21.47
04/14/2020,$22.98,12654740,$23.6,$23.77,$22.67
04/13/2020,$23.01,14802610,$24.04,$24.1,$22.72
04/09/2020,$24.06,22490480,$24.16,$24.99,$23.5832
04/08/2020,$23.13,23774360,$21.74,$23.6,$21.4694
04/07/2020,$21.3,30405570,$21.27,$22.21,$20.71
04/06/2020,$19.55,22442070,$19.1,$19.76,$18.55
04/03/2020,$18.04,13835520,$18.4,$18.78,$17.85
04/02/2020,$18.19,17920650,$19.1,$19.69,$17.79
04/01/2020,$19.26,17467100,$19.5,$20.165,$18.99
03/31/2020,$20.78,20312830,$20.97,$22.21,$20.55
03/30/2020,$21.32,18477820,$22.31,$22.48,$20.6259
03/27/2020,$21.38,18349690,$21.37,$21.96,$20.74
03/26/2020,$22.56,16990670,$21.64,$22.97,$21.0601
03/25/2020,$21.49,27617210,$23,$23.145,$21
03/24/2020,$21.11,24082870,$19.32,$21.6697,$18.6
03/23/2020,$17.6,25419730,$18.01,$18.56,$17.23
03/20/2020,$18.14,35702010,$18.42,$18.9569,$17.68
03/19/2020,$17.71,34361820,$16.34,$18.99,$15
03/18/2020,$16.8,39591120,$18.83,$19.05,$14.325
03/17/2020,$20.32,23544420,$21.31,$21.58,$19.5
03/16/2020,$21,18056790,$21.51,$22.41,$21
03/13/2020,$24.71,17909820,$24.6,$25.33,$22.9
03/12/2020,$23.04,20344470,$23.6,$24.345,$22.5
03/11/2020,$26,21319200,$26,$26.62,$25.76
03/10/2020,$27.12,18287700,$25.98,$27.14,$24.59
03/09/2020,$24.69,28350600,$26,$26.12,$24.15
03/06/2020,$28.69,20009520,$29.21,$29.54,$28.45
03/05/2020,$30.1,17921350,$30.54,$30.77,$30.01
03/04/2020,$31.53,16227820,$31,$31.565,$30.355
03/03/2020,$30.52,15816150,$31.5,$32.3,$30.26
03/02/2020,$31.42,14994620,$30.52,$31.45,$29.74
02/28/2020,$30.5,20832320,$29.78,$30.5,$29.33
02/27/2020,$30.71,14940350,$31.3,$31.915,$30.55
02/26/2020,$32,14432820,$32.1,$32.61,$31.8853
02/25/2020,$31.75,14621870,$33.25,$33.28,$31.395
02/24/2020,$33.09,14743090,$33.64,$33.75,$32.79
02/21/2020,$34.65,8432370,$34.99,$35.08,$34.41
02/20/2020,$35.29,7817861,$34.66,$35.4,$34.59
02/19/2020,$34.92,9079526,$34.53,$35.1,$34.52
02/18/2020,$34.41,10531930,$34.25,$34.74,$33.955
02/14/2020,$34.76,8945950,$35.3,$35.39,$34.42
02/13/2020,$35.29,7578794,$35.21,$35.53,$35.16
02/12/2020,$35.49,12076330,$35.33,$35.79,$35.13
02/11/2020,$35.01,12718580,$34.34,$35.26,$34.07
02/10/2020,$34.25,12260560,$33.99,$34.3,$33.67
02/07/2020,$33.63,14437130,$34.08,$34.16,$33.425
02/06/2020,$34.33,11866310,$35.05,$35.1,$34.25
02/05/2020,$35.03,19050390,$34.9,$35.45,$34.19
02/04/2020,$34.37,14346270,$34.35,$34.82,$34.2
02/03/2020,$33.72,17937070,$33.56,$34.34,$33.52
01/31/2020,$33.39,18631360,$33.25,$33.49,$33.14
01/30/2020,$33.33,11532980,$33.4,$33.45,$32.97
01/29/2020,$33.6,6978347,$33.8,$34.04,$33.59
01/28/2020,$33.64,8871039,$33.57,$33.86,$33.34
01/27/2020,$33.41,10359130,$33.63,$33.76,$33.17
01/24/2020,$34.31,9386634,$34.9,$34.99,$34.01
01/23/2020,$34.88,8595153,$34.77,$34.995,$34.01
01/22/2020,$34.91,7358445,$35.13,$35.3455,$34.86
01/21/2020,$34.99,11550510,$35.36,$35.55,$34.96
01/17/2020,$35.6,9871725,$35.57,$35.7286,$35.41
01/16/2020,$35.55,7280804,$35.21,$35.58,$35.15
01/15/2020,$35.15,7173939,$35,$35.32,$34.89
01/14/2020,$35.15,6828798,$35,$35.35,$34.96
01/13/2020,$34.98,7466898,$34.69,$35,$34.49
01/10/2020,$34.65,9647800,$35.15,$36.45,$34.505
01/09/2020,$35.08,9612874,$34.99,$35.1,$34.5301
01/08/2020,$34.65,13229920,$35.04,$35.2,$34.41
01/07/2020,$35.15,17619970,$35.75,$35.84,$34.74
01/06/2020,$35.84,8413360,$35.95,$36.18,$35.8
01/03/2020,$36.32,9176038,$36.73,$36.92,$36.11
01/02/2020,$37.38,7457292,$37,$37.38,$36.55
12/31/2019,$36.6,5160227,$36.37,$36.735,$36.32
12/30/2019,$36.44,5358455,$36.5,$36.64,$36.2
12/27/2019,$36.56,5753508,$36.56,$36.71,$36.43
12/26/2019,$36.48,5444305,$36.59,$36.6,$36.33
12/24/2019,$36.58,2924240,$36.73,$36.74,$36.5
12/23/2019,$36.77,8755973,$37.39,$37.41,$36.63
12/20/2019,$37.25,13976430,$37.54,$37.62,$37.19
12/19/2019,$37.26,10774130,$37.31,$37.36,$36.835
12/18/2019,$37.31,12651700,$36.34,$37.43,$36.33
12/17/2019,$36.31,8871899,$36.2,$36.39,$36.11
12/16/2019,$36.11,11233740,$35.82,$36.245,$35.65
12/13/2019,$35.65,8278120,$36.16,$36.335,$35.61
12/12/2019,$36.1,11356780,$35.34,$36.29,$35.24
12/11/2019,$35.24,7754440,$35.13,$35.41,$35.1
12/10/2019,$35.11,7597677,$35.35,$35.38,$34.96
12/09/2019,$35.38,7055524,$35.45,$35.59,$35.35
12/06/2019,$35.54,8404793,$35.64,$35.76,$35.445
12/05/2019,$35.31,6893942,$35.6,$35.65,$35.22
12/04/2019,$35.8,8963211,$35.74,$36.05,$35.68
12/03/2019,$35.53,8276601,$35.47,$35.62,$34.96
12/02/2019,$35.88,6785427,$36.01,$36.36,$35.84
11/29/2019,$36,3927026,$36.05,$36.13,$35.855
11/27/2019,$36.14,5841215,$36.01,$36.27,$35.85
11/26/2019,$35.91,8248704,$35.7,$35.93,$35.51
11/25/2019,$35.81,12211450,$35.45,$35.89,$35.35
11/22/2019,$35.33,13567090,$35.27,$35.5,$34.93
11/21/2019,$34.67,14379800,$35.53,$35.58,$34.59
11/20/2019,$35.28,14064740,$36.21,$36.26,$35.18
11/19/2019,$36.38,10538840,$36.67,$36.7,$36.005
11/18/2019,$36.62,9768476,$36.68,$36.83,$36.39
11/15/2019,$36.89,12358880,$37,$37.11,$36.725
11/14/2019,$36.8,13024430,$37.1,$37.45,$36.69
11/13/2019,$37.19,12558970,$38.4,$38.4,$37.09
11/12/2019,$38.59,12687640,$38.74,$38.955,$38.36
11/11/2019,$38.72,3907447,$38.6,$38.8,$38.38
11/08/2019,$38.67,5913061,$38.42,$38.67,$37.82
11/07/2019,$38.49,8070100,$38.6,$38.9,$38.46
11/06/2019,$38.42,7280889,$38.37,$38.48,$37.76
11/05/2019,$38.23,7317805,$38.61,$38.89,$38.21
11/04/2019,$38.39,7782292,$38.35,$38.49,$38.22
11/01/2019,$37.97,7925272,$37.21,$38.07,$37.21
10/31/2019,$37.16,7652749,$37.62,$37.91,$36.86
10/30/2019,$37.91,7393204,$38.26,$38.26,$37.415
10/29/2019,$38.21,18562510,$37.6,$38.7,$37.6
10/28/2019,$36.64,10645490,$37.21,$37.3,$36.49
10/25/2019,$36.74,8735581,$35.78,$36.82,$35.76
10/24/2019,$35.82,6813476,$36.62,$36.77,$35.745
10/23/2019,$36.61,6468788,$36.25,$36.64,$35.83
10/22/2019,$36.31,6773553,$35.77,$36.58,$35.56
10/21/2019,$35.93,7429278,$36.44,$36.72,$35.63
10/18/2019,$36.17,6859606,$36.09,$36.37,$36.01
10/17/2019,$36.19,8739136,$36.81,$36.82,$35.87
10/16/2019,$36.65,13356270,$36.49,$37.2187,$36.45
10/15/2019,$36.26,10719550,$35.47,$36.56,$35.17
10/14/2019,$35.5,5653992,$35.39,$35.56,$35.265
10/11/2019,$35.57,12239550,$35.22,$36,$35.21
10/10/2019,$34.66,10976210,$34.45,$35.3,$34.21
10/09/2019,$34.14,6361901,$33.98,$34.34,$33.79
10/08/2019,$33.88,11221300,$34.314,$34.47,$33.71
10/07/2019,$34.75,6867619,$34.6,$35.11,$34.3
10/04/2019,$34.91,7110646,$35,$35.19,$34.58
10/03/2019,$34.98,12122800,$34.51,$34.99,$34.16
10/02/2019,$34.68,13087970,$35.77,$35.77,$34.41
10/01/2019,$36.11,10128100,$37.47,$37.48,$36.035
09/30/2019,$37.48,7591572,$37.53,$37.58,$37.005
09/27/2019,$37.42,6879472,$37.84,$37.97,$36.97
09/26/2019,$37.61,8337758,$37.36,$37.89,$37.17
09/25/2019,$37.11,8461968,$36.76,$37.25,$36.44
09/24/2019,$36.77,8025683,$37.34,$37.49,$36.5531
09/23/2019,$37.24,8231662,$36.79,$37.43,$36.57
09/20/2019,$37.37,18827410,$38.06,$38.07,$37.29
09/19/2019,$37.78,4949886,$38.25,$38.35,$37.74
09/18/2019,$38.18,6020721,$38.15,$38.35,$37.92
09/17/2019,$38.29,11404470,$37.2,$38.42,$36.85
09/16/2019,$37.21,15650270,$37.97,$38.16,$36.965
09/13/2019,$38.86,10133570,$39.47,$39.58,$38.785
09/12/2019,$39.07,6982125,$39.41,$39.49,$38.9
09/11/2019,$39.46,6991784,$39.4,$39.54,$38.86
09/10/2019,$39.58,7233592,$39.2,$39.68,$38.84
09/09/2019,$39.58,7543928,$39.06,$39.775,$38.95
09/06/2019,$38.78,5012699,$38.92,$38.93,$38.52
09/05/2019,$38.73,10747120,$38.62,$39.54,$38.62
09/04/2019,$38.24,8106851,$37.31,$38.315,$37.2401
09/03/2019,$36.91,6094302,$36.89,$37.005,$36.54
08/30/2019,$37.09,4599533,$37.25,$37.34,$36.905
08/29/2019,$36.91,5123688,$36.8,$37.02,$36.73
08/28/2019,$36.44,7284586,$35.7,$36.565,$35.58
08/27/2019,$35.89,6222856,$36.47,$36.58,$35.85
08/26/2019,$36.25,4838792,$36.49,$36.61,$36.01
08/23/2019,$36.06,7834868,$36.61,$37.18,$35.9
08/22/2019,$37.26,4044319,$37.25,$37.505,$37.05
08/21/2019,$37.12,3793507,$37.36,$37.36,$37.06
08/20/2019,$36.96,4110525,$37.2,$37.29,$36.92
08/19/2019,$37.36,3900136,$37.51,$37.6,$37.19
08/16/2019,$37,7171944,$36.58,$37.1,$36.37
08/15/2019,$36.47,7904300,$37.17,$37.24,$36.15
08/14/2019,$37.19,9878088,$38.25,$38.28,$37.05
08/13/2019,$39.01,6350376,$38.83,$39.63,$38.48
08/12/2019,$38.86,4129924,$39.23,$39.31,$38.67
08/09/2019,$39.61,6125010,$39.76,$39.8599,$39.3
08/08/2019,$40.1,6204377,$39.5,$40.195,$39.37
08/07/2019,$39.39,7924699,$38.69,$39.5,$38.41
08/06/2019,$39.08,7104475,$39.16,$39.31,$38.65
08/05/2019,$39.01,9478032,$39.2,$39.28,$38.68
08/02/2019,$39.78,9144879,$39.91,$40.23,$39.585
08/01/2019,$40.15,18102920,$41.26,$41.9,$39.67
07/31/2019,$40.34,10155720,$40.6,$40.72,$40.11
07/30/2019,$40.43,5436861,$40.26,$40.56,$39.92
07/29/2019,$40.68,5711203,$40.71,$40.8766,$40.56
07/26/2019,$40.77,5705945,$40.72,$41,$40.47
07/25/2019,$40.75,8304803,$40.34,$40.82,$40.12
07/24/2019,$40.88,7318548,$40.59,$40.91,$40.33
07/23/2019,$40.71,12584310,$40.35,$40.92,$40.15
07/22/2019,$39.86,6814590,$39.96,$40.37,$39.77
07/19/2019,$39.48,8194487,$39.4,$39.82,$39.24
07/18/2019,$39.12,5713764,$38.97,$39.28,$38.87
07/17/2019,$39.16,5727315,$39.41,$39.46,$38.82
07/16/2019,$39.43,8584759,$38.99,$39.7,$38.65
07/15/2019,$39.36,5448843,$39.21,$39.36,$38.89
07/12/2019,$39.21,7164651,$38.6,$39.405,$38.52
07/11/2019,$38.43,4598365,$38.28,$38.58,$38.1
07/10/2019,$38.1,5153125,$38.35,$38.47,$37.87
07/09/2019,$38.08,6204688,$37.97,$38.165,$37.575
07/08/2019,$38.23,5787340,$38.41,$38.64,$38.12
07/05/2019,$38.5,4851942,$38,$38.52,$37.74
07/03/2019,$38.16,4409415,$38.5,$38.69,$37.99
07/02/2019,$38.34,6679404,$38.73,$38.75,$38.15
07/01/2019,$38.75,10240050,$38.93,$38.99,$38.43
06/28/2019,$38.53,11480910,$38.33,$38.925,$38.33
06/27/2019,$38.32,8106591,$38.6,$38.985,$38.16
06/26/2019,$38.13,11911380,$37.82,$38.5,$37.71
06/25/2019,$37.68,12930490,$37.06,$37.875,$36.74
06/24/2019,$36.96,7448962,$36.83,$37.115,$36.5842
06/21/2019,$36.92,13004630,$36.96,$37.1,$36.645
06/20/2019,$36.96,8639702,$37.15,$37.31,$36.49
06/19/2019,$36.78,10884820,$37,$37.47,$36.75
06/18/2019,$36.7,8226935,$36.38,$36.78,$36.14
06/17/2019,$36.14,5455040,$35.56,$36.18,$35.36
06/14/2019,$35.66,4953403,$35.88,$35.99,$35.54
06/13/2019,$36.02,3917349,$35.63,$36.05,$35.41
06/12/2019,$35.67,5509488,$36.26,$36.26,$35.56
06/11/2019,$36.2,4652019,$36.36,$36.58,$36.1
06/10/2019,$36.01,8498258,$36.13,$36.505,$35.89
06/07/2019,$35.49,6561073,$35.31,$35.55,$35.15
06/06/2019,$35.19,9749235,$35.09,$35.44,$34.46
06/05/2019,$35.84,9605604,$36.04,$36.14,$35.33
06/04/2019,$35.73,12875740,$34.38,$35.77,$34.3
06/03/2019,$33.7,11019400,$33.35,$33.83,$33.08
05/31/2019,$33.34,15779920,$33.3,$33.7,$33.15
05/30/2019,$34.82,8550029,$34.76,$35.09,$34.48
05/29/2019,$34.79,12911440,$34.67,$34.845,$34.32
05/28/2019,$34.85,7895449,$35.2,$35.34,$34.71
05/24/2019,$35.12,5262511,$35.4,$35.42,$34.8735
05/23/2019,$35.13,13746160,$35.15,$35.18,$34.35
05/22/2019,$35.55,13264070,$37,$37.05,$35.41
05/21/2019,$37.13,8387594,$37,$37.24,$36.73
05/20/2019,$36.97,17522250,$36.66,$37,$36.64
05/17/2019,$37,7970012,$37.01,$37.36,$36.85
05/16/2019,$37.38,5734645,$37.3,$37.62,$37.13
05/15/2019,$37.37,8190434,$36.63,$37.56,$36.48
05/14/2019,$37.04,6534561,$36.81,$37.385,$36.68
05/13/2019,$36.56,19454840,$36.85,$37.1226,$36.4532
05/10/2019,$37.89,6440647,$37.5,$37.975,$37.04
05/09/2019,$37.58,8898600,$37.59,$37.67,$37.22
05/08/2019,$38.21,7082944,$38.42,$38.775,$38.14
05/07/2019,$38.53,11257010,$38.86,$38.89,$38.2738
05/06/2019,$38.09,7506430,$37.5,$38.17,$37.25
05/03/2019,$38.8,7200999,$38.54,$38.9,$38.17
05/02/2019,$38.25,11291930,$38.46,$38.84,$38.2
05/01/2019,$38.75,8843444,$39,$39.2,$38.655
04/30/2019,$38.95,15795460,$38.92,$39.47,$38.56
04/29/2019,$40.01,9372633,$39.75,$40.275,$39.69
04/26/2019,$39.68,11688090,$40.05,$40.1,$39.44
04/25/2019,$39.11,8151227,$39.52,$39.72,$38.95
04/24/2019,$39.72,5563010,$39.51,$39.885,$39.37
04/23/2019,$39.83,9286681,$39.4,$39.84,$39.18
04/22/2019,$39.5,6327178,$40,$40.1,$39.49
04/18/2019,$40.3,10677960,$40,$40.45,$39.98
04/17/2019,$39.99,8261474,$40.1,$40.26,$39.88
04/16/2019,$39.66,5985300,$39.56,$39.91,$39.4629
04/15/2019,$39.57,5179393,$39.9,$40.01,$39.35
04/12/2019,$39.71,4929125,$39.6,$40.05,$39.53
04/11/2019,$39.33,4581538,$39.38,$39.59,$39.13
04/10/2019,$39.25,5470806,$38.89,$39.415,$38.78
04/09/2019,$38.86,6527194,$38.85,$39.08,$38.7
04/08/2019,$39.06,5992393,$38.77,$39.0889,$38.76
04/05/2019,$38.94,4495851,$38.85,$39.01,$38.58
04/04/2019,$38.79,7115602,$38.4,$38.94,$38.39
04/03/2019,$38.39,8815324,$38.25,$38.64,$38.23
04/02/2019,$37.81,5614324,$37.83,$38.01,$37.61
04/01/2019,$37.76,7008929,$37.4,$37.82,$37.33
03/29/2019,$37.1,9428632,$37.31,$37.4,$36.92
03/28/2019,$37.06,5543121,$36.7,$37.225,$36.655
03/27/2019,$36.61,6953984,$36.92,$37.24,$36.47
03/26/2019,$36.87,6816084,$36.93,$36.98,$36.555
03/25/2019,$36.75,6716361,$36.48,$37.0311,$36.26
03/22/2019,$36.44,9968408,$37.09,$37.3,$36.285
03/21/2019,$37.35,8054917,$37,$37.38,$36.78
03/20/2019,$37,11677880,$37.74,$37.94,$36.78
03/19/2019,$38.27,8790057,$38.31,$38.75,$38.04
03/18/2019,$37.98,7310863,$38.18,$38.24,$37.615
03/15/2019,$38.07,16854720,$38.04,$38.29,$37.88
03/14/2019,$38.03,8507330,$38.76,$38.82,$37.94
03/13/2019,$38.8,6488442,$38.74,$39.03,$38.6
03/12/2019,$38.62,6272501,$38.7,$39.03,$38.5
03/11/2019,$38.62,12217050,$38.08,$38.79,$38
03/08/2019,$37.99,6459778,$37.63,$38.04,$37.5
03/07/2019,$38.04,8998280,$38.1,$38.34,$37.64
03/06/2019,$38.67,9413135,$39.24,$39.29,$38.49
03/05/2019,$39.28,4762852,$39.28,$39.42,$39.015
03/04/2019,$39.25,7520405,$39.7,$41.5,$39.03
03/01/2019,$39.53,7682895,$39.85,$39.97,$39.0514
02/28/2019,$39.48,9047760,$39.82,$39.91,$39.2
02/27/2019,$40,8671885,$40.09,$40.16,$39.78
02/26/2019,$40.11,7599635,$39.91,$40.36,$39.83
02/25/2019,$40.14,7870690,$40.25,$40.46,$40.09
02/22/2019,$39.99,6206497,$39.84,$40.01,$39.44
02/21/2019,$39.62,7397315,$40,$40.2,$39.54
02/20/2019,$39.95,8792165,$39.64,$40.105,$39.52
02/19/2019,$39.53,9122174,$38.98,$39.68,$38.91
02/15/2019,$39.09,8581968,$39.06,$39.19,$38.74
02/14/2019,$38.89,6450004,$38.81,$39.09,$38.71
02/13/2019,$39,5909416,$39.28,$39.39,$38.82
02/12/2019,$39.03,9200297,$38.8,$39.32,$38.8
02/11/2019,$38.63,8819282,$38.31,$38.69,$38.215
02/08/2019,$38.7,7199256,$38.5,$38.71,$38.005
02/07/2019,$38.65,15686810,$39.23,$39.41,$38.34
02/06/2019,$39.91,16876500,$40.17,$40.74,$39.53
02/05/2019,$39.3,11584790,$39.08,$39.36,$38.73
02/04/2019,$38.93,9942391,$38.65,$38.94,$38.35
02/01/2019,$38.78,7972813,$38.91,$39.145,$38.52
01/31/2019,$39.02,11126340,$38.81,$39.05,$38.485
01/30/2019,$39.09,10913320,$38.5,$39.14,$38.12
01/29/2019,$38.47,5745149,$38.31,$38.54,$38.09
01/28/2019,$38.46,11323250,$38.23,$38.6,$38.055
01/25/2019,$38.64,8842456,$38.65,$38.83,$38.36
01/24/2019,$38.16,7806808,$37.76,$38.29,$37.66
01/23/2019,$37.67,7680931,$38.2,$38.36,$37.48
01/22/2019,$38.15,11458520,$38.28,$38.785,$37.89
01/18/2019,$38.61,10489890,$38.45,$38.77,$37.84
01/17/2019,$38.26,13058410,$37.5,$38.3,$37.4
01/16/2019,$37.67,17334970,$37.48,$37.98,$37.2662
01/15/2019,$37.55,11988950,$37.84,$37.84,$36.8
01/14/2019,$37.66,14346850,$37.25,$38,$37.02
01/11/2019,$37.18,32250660,$36.6,$37.97,$36.25
01/10/2019,$34.73,9094653,$35,$35.05,$34.165
01/09/2019,$35.18,9867922,$34.96,$35.59,$34.71
01/08/2019,$34.81,10293070,$35,$35.68,$34.49
01/07/2019,$34.36,10718310,$33.71,$34.965,$33.48
01/04/2019,$33.33,10694750,$32.8,$33.5711,$32.43
01/03/2019,$32.25,11661010,$33.34,$33.68,$32.2
01/02/2019,$33.64,7655438,$32.85,$33.805,$32.41
12/31/2018,$33.45,8455499,$34,$34.22,$32.915
12/28/2018,$33.92,8677459,$33.95,$34.73,$33.68
12/27/2018,$33.96,12818650,$33.07,$34,$32.39
12/26/2018,$33.52,12479300,$32.58,$33.525,$31.46
12/24/2018,$32.37,9110187,$32.65,$32.94,$32.25
12/21/2018,$32.98,21379790,$34.23,$34.85,$32.96
12/20/2018,$34.27,14827820,$34.93,$35.355,$33.8401
12/19/2018,$34.93,11879660,$35.01,$36.199,$34.69
12/18/2018,$34.9,8356386,$35.02,$35.53,$34.69
12/17/2018,$34.66,10662040,$34.94,$35.62,$34.46
12/14/2018,$35.1,8415283,$35,$35.7,$34.85
12/13/2018,$35.11,8287680,$35.96,$36.18,$35.065
12/12/2018,$35.68,10322390,$35.23,$36.04,$35.23
12/11/2018,$34.69,12223030,$35.55,$35.75,$34.65
12/10/2018,$34.42,12319290,$34.55,$34.78,$33.46
12/07/2018,$34.69,9236156,$35.44,$35.93,$34.55
12/06/2018,$35.7,14474550,$35.74,$35.75,$34.91
12/04/2018,$36.52,14231580,$38.22,$38.3,$36.5
12/03/2018,$38.45,17151590,$39,$39.61,$38.37
11/30/2018,$37.95,18083660,$36.74,$38,$36.66
11/29/2018,$36.76,7771924,$36.79,$36.955,$36.3
11/28/2018,$36.95,12424630,$36.76,$37,$35.94
11/27/2018,$36.69,25550110,$37.27,$37.55,$36.21
11/26/2018,$37.65,30351760,$36.14,$38.75,$36.05
11/23/2018,$35.93,4231366,$35.33,$36.11,$35.2
11/21/2018,$35.55,6555478,$35.3,$35.8561,$34.97
11/20/2018,$35.09,9607821,$35.1,$35.62,$34.85
11/19/2018,$35.68,11591070,$35.75,$35.965,$35.41
11/16/2018,$35.75,11680310,$35.32,$35.79,$35.015
11/15/2018,$35.55,17669140,$34.91,$35.59,$33.85
11/14/2018,$35.23,10882890,$36.2,$36.32,$34.98
11/13/2018,$35.93,8585259,$35.92,$36.6507,$35.71
11/12/2018,$35.69,10061090,$35.64,$36.04,$35.45
11/09/2018,$35.7,9036404,$36.12,$36.44,$35.35
11/08/2018,$36.57,10716210,$36.41,$36.89,$36.29
11/07/2018,$36.88,9456425,$36.73,$37,$36.37
11/06/2018,$36.46,11187720,$36.18,$36.56,$36.09
11/05/2018,$36.25,11471350,$36,$36.39,$35.845
11/02/2018,$36.03,12887730,$36.8,$37.28,$35.555
11/01/2018,$36.47,14665890,$36.24,$36.69,$35.695
10/31/2018,$36.59,37763070,$35.97,$37.05,$35.4
10/30/2018,$33.54,16279570,$33.18,$33.92,$33.02
10/29/2018,$33.13,18987370,$34.11,$34.3,$32.73
10/26/2018,$32.65,18036750,$31.68,$32.88,$31.63
10/25/2018,$32,16757790,$31.19,$32.2,$31.0662
10/24/2018,$30.56,18770520,$31.79,$32.06,$30.56
10/23/2018,$32.12,16007060,$30.94,$32.4,$30.89
10/22/2018,$31.34,10978120,$31.45,$31.59,$31.03
10/19/2018,$31.2,12744980,$30.72,$31.47,$30.57
10/18/2018,$31.08,14349000,$31.71,$31.81,$30.965
10/17/2018,$31.93,9098331,$32.06,$32.29,$31.58
10/16/2018,$32.34,11876710,$32.46,$32.54,$31.86
10/15/2018,$32.12,13621020,$31.69,$32.45,$31.67
10/12/2018,$31.79,14943580,$32.74,$32.74,$31.49
10/11/2018,$32.31,18005300,$32.61,$33.5,$32.19
10/10/2018,$32.6,16638350,$32.6,$32.96,$32.12
10/09/2018,$32.65,19915140,$34,$34,$32.59
10/08/2018,$34.25,8405197,$33.82,$34.27,$33.75
10/05/2018,$34.12,10740210,$34.41,$34.51,$33.97
10/04/2018,$34.25,18905430,$34.11,$34.66,$33.95
10/03/2018,$34,28259330,$35.02,$35.05,$33.77
10/02/2018,$33.3,22724840,$33.95,$34.34,$33.2
10/01/2018,$34.2,13737610,$34.3,$34.54,$33.99
09/28/2018,$33.67,8832117,$33.57,$33.69,$33.29
09/27/2018,$33.67,11657100,$33.51,$33.75,$33.28
09/26/2018,$33.73,17039340,$33.49,$34,$33.345
09/25/2018,$33.55,14697730,$34.48,$34.68,$33.5
09/24/2018,$34.75,9920501,$35.04,$35.38,$34.45
09/21/2018,$35.32,27038180,$36.31,$36.49,$35.16
09/20/2018,$36.08,11339880,$35.91,$36.45,$35.74
09/19/2018,$35.73,10878580,$35.36,$35.935,$35.3
09/18/2018,$35.1,8845708,$35.17,$35.23,$34.59
09/17/2018,$35.02,10855890,$34.5,$35.22,$34.41
09/14/2018,$34.63,13614010,$34.47,$34.75,$34.33
09/13/2018,$34.25,14826960,$34.26,$34.48,$33.9
09/12/2018,$34.06,9362817,$33.7,$34.49,$33.7
09/11/2018,$33.77,8479996,$33.92,$33.96,$33.4364
09/10/2018,$33.87,10674670,$33.92,$34.25,$33.83
09/07/2018,$33.91,13206250,$34.35,$34.36,$33.61
09/06/2018,$34.38,12874460,$35,$35.265,$34.38
09/05/2018,$35.29,12716950,$35.6,$35.6,$35.05
09/04/2018,$35.6,12783230,$36,$36,$35.32
08/31/2018,$36.05,13662460,$36.2,$36.3,$35.78
08/30/2018,$36.36,9762245,$37,$37.06,$36.19
08/29/2018,$37.12,7178094,$37.39,$37.42,$36.8842
08/28/2018,$37.32,9638801,$37.85,$37.86,$36.925
08/27/2018,$37.69,17744570,$36.29,$37.785,$36.23
08/24/2018,$35.95,7277437,$35.95,$36.1,$35.76
08/23/2018,$35.67,8697971,$35.95,$36.17,$35.63
08/22/2018,$36.13,8868455,$36.6,$36.7199,$36.095
08/21/2018,$36.91,10022600,$36.75,$37.07,$36.74
08/20/2018,$36.77,6183952,$36.63,$36.95,$36.36
08/17/2018,$36.38,7796099,$36.08,$36.57,$35.91
08/16/2018,$36.29,9413750,$36.18,$36.68,$36.07
08/15/2018,$35.94,10719380,$35.82,$35.95,$35.21
08/14/2018,$36.2,7323947,$36.25,$36.54,$36.17
08/13/2018,$36.16,15573470,$36.59,$36.67,$35.8746
08/10/2018,$36.59,9262430,$37.32,$37.36,$36.47
08/09/2018,$37.51,12410780,$37.67,$38.32,$37.32
08/08/2018,$37.66,6759477,$37.61,$37.93,$37.285
08/07/2018,$37.58,7652041,$37.7,$37.87,$37.5
08/06/2018,$37.6,5266780,$37.57,$37.69,$37.35
08/03/2018,$37.73,9331864,$36.65,$37.77,$36.65
08/02/2018,$36.62,13065530,$37,$37.05,$36.345
08/01/2018,$37.14,11121640,$37.89,$37.89,$36.88
07/31/2018,$37.91,16476110,$37.79,$38.19,$37.7
07/30/2018,$37.67,9458784,$37.66,$38.1,$37.45
07/27/2018,$37.53,12629300,$36.83,$37.64,$36.7743
07/26/2018,$36.75,16712570,$37.07,$37.55,$36.6
07/25/2018,$37.65,42451780,$37.45,$37.9,$36.26
07/24/2018,$39.48,10682290,$39.87,$39.98,$39.26
07/23/2018,$39.27,7683558,$39.2,$39.38,$38.95
07/20/2018,$39.4,10947600,$39.07,$39.415,$38.86
07/19/2018,$39.31,6777336,$39.58,$39.81,$39.18
07/18/2018,$39.87,9051080,$40.06,$40.29,$39.56
07/17/2018,$40.03,8760894,$39.5,$40.5,$39.49
07/16/2018,$39.56,7465980,$39.31,$39.595,$39.17
07/13/2018,$39.36,5144457,$39.11,$39.41,$38.93
07/12/2018,$39.27,8250254,$39.6,$39.64,$39.01
07/11/2018,$39.3,8815849,$39.5,$39.6899,$39.18
07/10/2018,$40.09,10117640,$39.84,$40.31,$39.605
07/09/2018,$39.75,7366912,$39.38,$40,$39.05
07/06/2018,$39.16,7897062,$39.38,$39.45,$38.7
07/05/2018,$39.47,8304284,$39.61,$40,$39.21
07/03/2018,$38.97,4975776,$39.71,$39.8201,$38.92
07/02/2018,$39.5,8605903,$39.08,$39.56,$38.75
06/29/2018,$39.4,14052550,$40.67,$40.8,$39.37
06/28/2018,$40.52,10158030,$40.45,$40.67,$39.66
06/27/2018,$40.37,9286085,$41,$41.32,$40.35
06/26/2018,$41.01,12541720,$40.55,$41.32,$40.49
06/25/2018,$40.61,10604390,$41,$41.2,$40.21
06/22/2018,$41.25,9541655,$41.41,$41.75,$40.94
06/21/2018,$41.12,13909310,$41.14,$41.84,$40.805
06/20/2018,$41.95,9511921,$42.57,$42.83,$41.79
06/19/2018,$42.26,17993210,$43.07,$43.19,$41.88
06/18/2018,$43.95,10777280,$43.6,$44.135,$43.365
06/15/2018,$43.91,23680310,$43.28,$45,$42.76
06/14/2018,$43.57,10008000,$44.39,$44.4,$43.42
06/13/2018,$44.45,11233100,$44.12,$44.46,$43.83
06/12/2018,$44.18,9931205,$44.86,$44.95,$44.1632
06/11/2018,$44.85,14017090,$44.3,$44.89,$44.29
06/08/2018,$44.25,8548792,$43.98,$44.33,$43.92
06/07/2018,$44.01,15329300,$43.51,$44.37,$43.51
06/06/2018,$43.93,18018710,$43.66,$44,$43.36
06/05/2018,$43.41,11889720,$43.61,$43.77,$43.345
06/04/2018,$43.78,12617480,$43.24,$43.85,$43.16
06/01/2018,$43.2,24403340,$42.98,$43.315,$42.33
05/31/2018,$42.7,59890100,$41.65,$42.77,$41.27
05/30/2018,$37.83,11818710,$37.5,$37.87,$37.48
05/29/2018,$37.38,12342230,$38.01,$38.05,$37.27
05/25/2018,$38.3,5246929,$38.25,$38.4,$38.1101
05/24/2018,$38.39,8465212,$38,$38.59,$37.895
05/23/2018,$37.85,8790638,$38.18,$38.19,$37.46
05/22/2018,$38.28,6989939,$38.58,$38.77,$38.255
05/21/2018,$38.09,5971601,$38.16,$38.335,$37.98
05/18/2018,$37.79,5560878,$38.27,$38.4,$37.72
05/17/2018,$38.3,9138623,$37.97,$38.475,$37.7527
05/16/2018,$38.03,8190176,$36.97,$38.04,$36.9668
05/15/2018,$36.94,6505236,$36.4,$36.96,$36.4
05/14/2018,$36.63,6392820,$37.06,$37.07,$36.56
05/11/2018,$36.89,4845827,$37.11,$37.25,$36.78
05/10/2018,$37.16,6793417,$36.46,$37.22,$36.42
05/09/2018,$36.27,7605678,$36.39,$36.74,$35.965
05/08/2018,$36.33,8355321,$36.38,$36.61,$36.11
05/07/2018,$36.34,9195837,$36.63,$36.77,$36.285
05/04/2018,$36.71,6638225,$36.15,$36.78,$35.87
05/03/2018,$36.15,15728600,$35.99,$36.17,$35.28
05/02/2018,$36.2,9429723,$36.48,$36.7,$36.15
05/01/2018,$36.42,11380330,$36.76,$36.96,$35.89
04/30/2018,$36.74,11818600,$37.88,$38.07,$36.74
04/27/2018,$37.65,8658116,$38.16,$38.21,$37.49
04/26/2018,$38.25,16557820,$37.59,$38.28,$36.83
04/25/2018,$38.11,7600423,$37.73,$38.2,$37.5
04/24/2018,$37.93,8948784,$37.93,$38.17,$37.54
04/23/2018,$37.69,7301926,$37.49,$37.96,$37.43
04/20/2018,$37.61,8698428,$37.75,$38.01,$37.35
04/19/2018,$37.77,10228010,$38.71,$38.91,$37.425
04/18/2018,$38.93,6091688,$39.24,$39.67,$38.9
04/17/2018,$39.22,5428228,$39.64,$39.65,$39.08
04/16/2018,$39.17,5064428,$38.97,$39.419,$38.67
04/13/2018,$38.73,6117014,$39.12,$39.38,$38.565
04/12/2018,$38.83,7895554,$39.27,$39.49,$38.77
04/11/2018,$39,8371544,$38.72,$39.29,$38.49
04/10/2018,$39.07,15504870,$38.6,$39.35,$38.39
04/09/2018,$37.83,13421870,$38.28,$38.5,$37.81
04/06/2018,$37.68,14716960,$37.96,$38.16,$37.2
04/05/2018,$38,11466290,$38.25,$38.48,$37.89
04/04/2018,$38.03,15734920,$36.01,$38.13,$35.95
04/03/2018,$36.94,15816830,$36.8,$37.35,$36.39
04/02/2018,$35.76,13873330,$36.1,$36.26,$35.23
03/29/2018,$36.34,13048980,$35.83,$36.525,$35.69
03/28/2018,$35.47,17818150,$35.01,$35.79,$34.9
03/27/2018,$34.87,17435660,$36.02,$36.03,$34.5
03/26/2018,$35.99,9282914,$35.94,$36.05,$35.285
03/23/2018,$35.17,13175380,$36.42,$36.59,$35.13
03/22/2018,$36.35,13113440,$37.23,$37.33,$36.27
03/21/2018,$37.58,11543880,$37.16,$38.02,$37.1
03/20/2018,$36.89,8494277,$37.13,$37.26,$36.74
03/19/2018,$37.01,12039840,$37.93,$37.98,$36.54
03/16/2018,$37.94,10304470,$37.92,$38.15,$37.69
03/15/2018,$37.85,8140064,$37.97,$37.99,$37.59
03/14/2018,$37.69,13349600,$38.48,$38.61,$37.65
03/13/2018,$38.01,12400500,$37.97,$38.5399,$37.87
03/12/2018,$37.83,11345950,$37.87,$37.99,$37.58
03/09/2018,$37.84,12262990,$37.85,$38.08,$37.66
03/08/2018,$37.84,13017000,$37.64,$37.93,$37.22
03/07/2018,$37.74,15046920,$37.39,$37.84,$37.16
03/06/2018,$37.93,12129980,$38.02,$38.0799,$37.54
03/05/2018,$37.74,12010000,$37.33,$37.9,$37.11
03/02/2018,$37.43,24056010,$37.47,$37.61,$36.59
03/01/2018,$37.79,26173740,$39.59,$39.59,$37.41
02/28/2018,$39.35,22848040,$39.62,$40.15,$39.315
02/27/2018,$40.17,12692900,$41.49,$41.54,$40.12
02/26/2018,$41.54,9385239,$41.08,$41.62,$40.75
02/23/2018,$40.91,6419172,$41.05,$41.14,$40.58
02/22/2018,$40.91,8782387,$40.66,$41.2,$40.5
02/21/2018,$40.56,9084667,$40.75,$41.3,$40.5101
02/20/2018,$40.77,7675672,$40.9,$41.33,$40.59
02/16/2018,$41.09,14861080,$41.85,$42.28,$41
02/15/2018,$41.85,9715684,$42.06,$42.21,$41.395
02/14/2018,$41.81,10269480,$41.03,$41.91,$40.93
02/13/2018,$41.4,8926848,$41.7,$42.07,$41.37
02/12/2018,$42,19375600,$41.95,$42.62,$41.61
02/09/2018,$41.46,19569280,$41.16,$41.97,$40.23
02/08/2018,$40.75,18028690,$42.46,$42.71,$40.74
02/07/2018,$42.39,19382810,$41.8,$43.56,$41.65
02/06/2018,$41.86,26016800,$40.06,$42.23,$40
02/05/2018,$39.54,19548290,$40.98,$41.67,$39.51
02/02/2018,$41,13980360,$42.22,$42.27,$40.85
02/01/2018,$42.43,9629831,$42.12,$42.6,$41.95
01/31/2018,$42.41,19736990,$42.78,$42.95,$42.14
01/30/2018,$42.7,8440305,$42.83,$43.22,$42.52
01/29/2018,$43.02,8176231,$43.47,$43.78,$42.9824
01/26/2018,$43.49,8609934,$43.32,$43.565,$42.99
01/25/2018,$43.16,11028890,$44.46,$44.48,$42.975
01/24/2018,$44.16,11321030,$43.5,$44.4,$43.45
01/23/2018,$43.38,14066880,$43.34,$43.44,$42.905
01/22/2018,$43.29,19391390,$43.16,$43.42,$42.82
01/19/2018,$43.15,13540700,$44.05,$44.09,$43.04
01/18/2018,$43.86,11862910,$44.18,$44.19,$43.64
01/17/2018,$44.03,15837930,$44.01,$44.27,$43.4
01/16/2018,$44.19,19996820,$45.1,$45.52,$43.75
01/12/2018,$44.07,14895990,$44.15,$44.7,$43.66
01/11/2018,$44.19,11228930,$43.28,$44.27,$43.155
01/10/2018,$43,18277420,$43.84,$44.14,$42.61
01/09/2018,$44.05,7767903,$44.31,$44.59,$43.74
01/08/2018,$44.22,13099060,$44.04,$44.59,$43.5201
01/05/2018,$44.01,9519936,$44.5,$44.64,$43.96
01/04/2018,$44.14,17296990,$43.09,$44.25,$43.01
01/03/2018,$42.82,14570100,$42.21,$42.95,$42.2
01/02/2018,$41.8,6924802,$41.24,$41.87,$41.15
12/29/2017,$40.99,6578548,$41.52,$41.5922,$40.99
12/28/2017,$41.38,5004763,$41.34,$41.44,$41.2
12/27/2017,$41.31,4932813,$41.76,$41.85,$41.3
12/26/2017,$41.8,3369417,$41.86,$42.09,$41.63
12/22/2017,$42.02,4899881,$42.3,$42.31,$41.81
12/21/2017,$42.16,10143640,$42.58,$42.75,$42.13
12/20/2017,$42.52,8636499,$42.74,$42.78,$42.39
12/19/2017,$42.49,13240690,$42.71,$42.8,$42.44
12/18/2017,$42.15,22134340,$41.27,$42.32,$41.25
12/15/2017,$40.95,24465420,$40.92,$41.33,$40.92
12/14/2017,$40.81,9275401,$41.38,$41.44,$40.7
12/13/2017,$41.4,9968177,$41.54,$41.91,$41.39
12/12/2017,$41.53,8820947,$41.65,$41.77,$41.26
12/11/2017,$41.67,14098040,$41.88,$41.93,$41.56
12/08/2017,$42.02,13658320,$42.26,$42.3,$41.8448
12/07/2017,$42.02,16450020,$41.71,$42.39,$41.54
12/06/2017,$42.15,12866140,$42.57,$42.69,$42.14
12/05/2017,$42.8,11288240,$43.01,$43.06,$42.52
12/04/2017,$43.05,14009340,$43.2,$43.42,$42.9153
12/01/2017,$35.55,19323310,$35.3,$35.8561,$34.97
11/30/2017,$43.09,32483060,$44,$44.53,$42.7
11/29/2017,$43.81,19427650,$45.1,$45.35,$43.79
11/28/2017,$44.92,15931190,$44.35,$45.08,$44.1414
11/27/2017,$44.17,8651184,$44.47,$44.49,$43.88
11/24/2017,$44.46,3805890,$44.45,$44.54,$44.24
11/22/2017,$44.29,9836658,$44.89,$44.95,$44.21
11/21/2017,$44.97,11970820,$45.07,$45.179,$44.66
11/20/2017,$44.88,15080350,$44.48,$45.09,$44.26
11/17/2017,$43.88,10594220,$43.53,$44.14,$43.485
11/16/2017,$43.6,11247360,$43.04,$43.63,$42.8001
11/15/2017,$42.86,13618110,$42.73,$43.04,$42.1
11/14/2017,$43,9433176,$43.15,$43.45,$42.74
11/13/2017,$43.57,11730070,$42.6,$43.63,$42.55
11/10/2017,$42.66,14099160,$42.14,$43,$42.06
11/09/2017,$42.11,8896895,$42.04,$42.155,$41.62
11/08/2017,$42.11,14218280,$41.86,$42.12,$41.53
11/07/2017,$41.7,8878235,$42.15,$42.41,$41.59
11/06/2017,$42.14,14172780,$42.3,$42.36,$41.35
11/03/2017,$42.34,9848211,$42.6,$42.73,$42.19
11/02/2017,$42.6,11989540,$43.3,$43.3,$42.46
11/01/2017,$43.13,14684950,$42.72,$43.37,$41.9
10/31/2017,$42.98,13238600,$43.23,$43.67,$42.96
10/30/2017,$43.37,23773210,$43.04,$43.81,$42.26
10/27/2017,$44.64,11874690,$45.14,$45.1699,$44.1
10/26/2017,$45.25,9649594,$45.19,$45.64,$45.1
10/25/2017,$45.12,18057070,$45.7,$45.97,$44.77
10/24/2017,$46.48,27871680,$45.91,$46.76,$45.72
10/23/2017,$45.15,10754960,$45.54,$45.81,$45.15
10/20/2017,$45.61,12178840,$45.5,$45.73,$45.14
10/19/2017,$45.35,12891390,$44.75,$45.4,$44.56
10/18/2017,$45.12,10875730,$45.28,$45.59,$45.03
10/17/2017,$45.02,14070460,$45.8,$46.06,$44.955
10/16/2017,$45.76,8840263,$45.77,$45.8601,$45.35
10/13/2017,$45.88,13929430,$45.28,$46.11,$45
10/12/2017,$44.89,15716400,$44.97,$45.43,$44.15
10/11/2017,$45.47,13348040,$45.3,$45.59,$45.08
10/10/2017,$45.21,14025760,$45.29,$45.4,$44.86
10/09/2017,$45.33,10923430,$45.03,$45.43,$44.93
10/06/2017,$44.93,20915860,$44.04,$45.17,$44
10/05/2017,$43.85,16629720,$43.9,$44.08,$43.68
10/04/2017,$43.78,13400430,$43.35,$43.94,$43.2
10/03/2017,$43.45,31033050,$43.12,$43.7,$43
10/02/2017,$42.15,33796840,$41.01,$42.48,$40.8
09/29/2017,$40.38,8904598,$40.56,$40.67,$40.27
09/28/2017,$40.58,9644816,$40.48,$40.58,$40.37
09/27/2017,$40.58,9701743,$40.31,$40.69,$40.16
09/26/2017,$40.26,13151290,$40.33,$40.62,$40.18
09/25/2017,$40.3,21541420,$40.19,$40.64,$40
09/22/2017,$39.42,12666920,$39.3,$39.54,$39.18
09/21/2017,$39.1,13810450,$38.86,$39.235,$38.86
09/20/2017,$38.88,12392890,$38.86,$39,$38.69
09/19/2017,$38.7,11545750,$38.54,$38.87,$38.54
09/18/2017,$38.59,12360150,$38.9,$38.98,$38.55
09/15/2017,$38.88,25351030,$38.74,$39.03,$38.64
09/14/2017,$38.79,17518460,$38.19,$39.18,$38.11
09/13/2017,$38.21,10608790,$37.88,$38.28,$37.82
09/12/2017,$37.89,10760490,$37.41,$38,$37.35
09/11/2017,$37.35,13489730,$37.11,$37.48,$37.04
09/08/2017,$37,8155007,$36.8,$37.04,$36.62
09/07/2017,$36.91,14327500,$37.4,$37.43,$36.7
09/06/2017,$37.67,12346160,$37.51,$37.74,$37.33
09/05/2017,$37.23,12737060,$37.29,$37.43,$36.865
09/01/2017,$37.36,17969240,$36.73,$37.75,$36.65
08/31/2017,$36.54,13568900,$35.9,$36.74,$35.9
08/30/2017,$35.82,7248755,$35.54,$35.84,$35.41
08/29/2017,$35.52,5519788,$35.35,$35.55,$35.21
08/28/2017,$35.51,7991985,$35.68,$35.78,$35.295
08/25/2017,$35.6,6663935,$35.54,$35.88,$35.54
08/24/2017,$35.52,4955424,$35.64,$35.73,$35.45
08/23/2017,$35.49,6430378,$35.27,$35.66,$35.12
08/22/2017,$35.3,7814167,$35,$35.42,$34.97
08/21/2017,$34.91,5994802,$34.9,$35.06,$34.785
08/18/2017,$34.83,7192477,$34.9,$35.06,$34.61
08/17/2017,$35,7175026,$35.61,$35.655,$34.97
08/16/2017,$35.75,6927258,$35.65,$35.77,$35.52
08/15/2017,$35.54,6014045,$35.56,$35.86,$35.42
08/14/2017,$35.47,7366682,$35.16,$35.56,$35.05
08/11/2017,$34.93,6782884,$34.97,$35.205,$34.8628
08/10/2017,$34.88,9626005,$35.2,$35.3,$34.87
08/09/2017,$35.28,8245556,$35.15,$35.435,$35.07
08/08/2017,$35.39,9021779,$35.3,$35.83,$35.23
08/07/2017,$35.3,8254446,$35.16,$35.395,$35.12
08/04/2017,$35.27,9159191,$34.97,$35.45,$34.76
08/03/2017,$34.77,10362310,$34.92,$35.19,$34.75
08/02/2017,$34.82,9248635,$34.64,$34.99,$34.62
08/01/2017,$34.76,21562940,$35.81,$35.98,$34.59
07/31/2017,$35.98,13844230,$35.82,$36.3,$35.79
07/28/2017,$35.77,7531894,$35.82,$35.87,$35.48
07/27/2017,$35.94,9969556,$35.52,$35.99,$35.38
07/26/2017,$35.62,10740490,$35.55,$35.91,$35.4
07/25/2017,$35.57,14496730,$35.94,$36.17,$35.5
07/24/2017,$35.82,11603840,$35.99,$36.09,$35.723
07/21/2017,$36.07,8820476,$36.05,$36.11,$35.71
07/20/2017,$36.41,10130600,$36.5,$36.63,$36.29
07/19/2017,$36.47,7802073,$36.38,$36.54,$36.3
07/18/2017,$36.43,7710550,$36.31,$36.485,$36.22
07/17/2017,$36.38,10620880,$36.38,$36.54,$36.2
07/14/2017,$36.35,10227990,$36.03,$36.435,$35.98
07/13/2017,$35.86,13767410,$35.5,$36.12,$35.45
07/12/2017,$35.5,7519371,$35.5,$35.9,$35.47
07/11/2017,$35.4,10122710,$35.19,$35.46,$35.14
07/10/2017,$35.19,10546270,$35,$35.35,$34.87
07/07/2017,$34.94,8500911,$35,$35.045,$34.77
07/06/2017,$34.87,8553845,$34.87,$35.16,$34.73
07/05/2017,$35.01,10818570,$35.57,$35.58,$34.88
07/03/2017,$35.57,10915740,$34.52,$36,$34.45
06/30/2017,$34.93,7669531,$34.97,$35.05,$34.77
06/29/2017,$34.86,10208830,$34.66,$34.93,$34.53
06/28/2017,$34.58,11001640,$34.57,$34.75,$34.46
06/27/2017,$34.21,11656910,$34.33,$34.5,$34.015
06/26/2017,$34.52,11833900,$34.27,$34.65,$34.18
06/23/2017,$34.2,10237820,$34.14,$34.27,$33.96
06/22/2017,$34.19,8928513,$34.05,$34.34,$33.86
06/21/2017,$34.13,9127563,$34.48,$34.5,$33.95
06/20/2017,$34.4,8296631,$34.34,$34.52,$34.15
06/19/2017,$34.35,11221310,$34.37,$34.57,$34.28
06/16/2017,$34.29,16193240,$34.59,$34.6,$33.925
06/15/2017,$34.6,10177010,$34.41,$34.67,$34.38
06/14/2017,$34.61,10586880,$34.54,$34.64,$34.15
06/13/2017,$34.51,12083220,$34.68,$34.7,$34.2
06/12/2017,$34.68,14304900,$34.22,$34.82,$34.22
06/09/2017,$34.34,14853470,$34.05,$34.44,$34.05
06/08/2017,$34.11,10733070,$33.88,$34.22,$33.8401
06/07/2017,$34.34,13019120,$34.19,$34.46,$34.09
06/06/2017,$34.43,11521660,$34.33,$34.48,$34.1
06/05/2017,$34.46,11884550,$34.47,$34.74,$34.26
06/02/2017,$34.45,11653760,$34.35,$34.53,$33.96
06/01/2017,$34.43,22656560,$34.06,$34.87,$33.05
05/31/2017,$33.93,16537230,$33.71,$33.97,$33.48
05/30/2017,$33.53,13922940,$33.09,$33.735,$33.04
05/26/2017,$33.07,16806400,$32.36,$33.07,$32.24
05/25/2017,$32.6,32341860,$33.2,$33.47,$31.92
05/24/2017,$33.2,10717500,$33.2,$33.41,$33
05/23/2017,$33.22,17574180,$33.05,$33.4,$33.005
05/22/2017,$32.92,18254190,$32.97,$33.25,$32.74
05/19/2017,$32.72,13998440,$32.55,$32.97,$32.51
05/18/2017,$32.47,14030140,$32.23,$32.67,$32.21
05/17/2017,$32.42,18631260,$33.16,$33.51,$32.09
05/16/2017,$33.42,13545210,$33.9,$33.99,$33.355
05/15/2017,$33.82,13585410,$33.97,$34.15,$33.65
05/12/2017,$33.62,12489380,$33.94,$34.145,$33.27
05/11/2017,$34.11,9045048,$34.07,$34.23,$33.9
05/10/2017,$34.23,7661579,$34.25,$34.46,$34.08
05/09/2017,$34.26,8433482,$33.9,$34.47,$33.9
05/08/2017,$33.97,11732120,$33.85,$34.25,$33.8
05/05/2017,$33.77,10143970,$33.3,$33.77,$33.2
05/04/2017,$33.15,12462290,$33.65,$33.67,$32.97
05/03/2017,$33.48,12610770,$33.03,$33.66,$33.01
05/02/2017,$33.2,24206250,$34.09,$34.34,$32.82
05/01/2017,$34.2,12787250,$34.63,$34.65,$34.13
04/28/2017,$34.64,16650290,$35.07,$35.29,$34.42
04/27/2017,$34.54,13863160,$34.52,$34.59,$33.95
04/26/2017,$34.38,14693750,$34.01,$34.94,$33.95
04/25/2017,$33.99,11537930,$34.1,$34.16,$33.72
04/24/2017,$33.91,12951530,$34.06,$34.15,$33.63
04/21/2017,$33.75,9682190,$34.11,$34.16,$33.61
04/20/2017,$34.1,11645860,$33.95,$34.5197,$33.9
04/19/2017,$33.79,12367370,$33.89,$34.1,$33.71
04/18/2017,$33.69,7007737,$33.72,$33.825,$33.485
04/17/2017,$33.9,10720530,$33.47,$33.98,$33.37
04/13/2017,$33.39,9498525,$33.78,$33.91,$33.37
04/12/2017,$33.94,14711680,$34.03,$34.29,$33.72
04/11/2017,$33.92,10422080,$34.09,$34.09,$33.585
04/10/2017,$33.97,13802180,$33.84,$34.12,$33.8
04/07/2017,$33.71,14514140,$34.03,$34.2,$33.7
04/06/2017,$34.16,12156460,$34.02,$34.47,$33.89
04/05/2017,$34,10640880,$34.62,$34.65,$33.99
04/04/2017,$34.27,9495689,$33.9,$34.43,$33.9
04/03/2017,$34.17,31855330,$35.33,$35.4,$33.8
03/31/2017,$35.36,11769250,$35.35,$35.51,$35.27
03/30/2017,$35.41,8691720,$35.5,$35.79,$35.315
03/29/2017,$35.54,13877040,$35.62,$36.06,$35.52
03/28/2017,$35.56,29789280,$34.66,$36.25,$34.66
03/27/2017,$34.71,12927240,$34.28,$34.75,$33.97
03/24/2017,$34.56,16223460,$34.4,$35.07,$34.08
03/23/2017,$34.26,14494690,$34,$34.4566,$33.7901
03/22/2017,$34.39,18917070,$34.31,$34.61,$33.96
03/21/2017,$34.55,30799820,$35.95,$35.98,$34.47
03/20/2017,$35.71,38502730,$36.36,$36.45,$35.6
03/17/2017,$36.33,19584550,$37.13,$37.16,$36.3
03/16/2017,$37.08,12598860,$37.09,$37.12,$36.77
03/15/2017,$37.09,28089520,$37.07,$37.16,$36.79
03/14/2017,$36.96,5923592,$36.75,$36.965,$36.68
03/13/2017,$36.87,10114090,$37,$37.125,$36.83
03/10/2017,$36.83,18632390,$37.1,$37.185,$36.77
03/09/2017,$36.83,12702330,$37.33,$37.35,$36.78
03/08/2017,$37.27,11376480,$37.11,$37.6865,$37.11
03/07/2017,$37.52,17230100,$37.76,$37.84,$37.3
03/06/2017,$37.91,20188220,$37.98,$38.55,$37.2
03/03/2017,$38.23,19506900,$37.76,$38.37,$37.58
03/02/2017,$37.76,14913340,$37.37,$38.1,$37.25
03/01/2017,$37.43,10684610,$37.2,$37.75,$37.18
02/28/2017,$36.84,10476640,$37.15,$37.22,$36.55
02/27/2017,$37.27,10091440,$36.92,$37.36,$36.86
02/24/2017,$36.9,13038450,$36.87,$37.19,$36.57
02/23/2017,$37.25,13140760,$37.94,$38.07,$37.19
02/22/2017,$37.84,9102495,$37.89,$38.105,$37.795
02/21/2017,$37.81,14509790,$37.6,$38.1,$37.42
02/17/2017,$37.22,15777300,$36.79,$37.9,$36.41
02/16/2017,$37.03,9359193,$37.11,$37.16,$36.82
02/15/2017,$37.08,15672270,$36.95,$37.11,$36.6
02/14/2017,$37.24,31378650,$36.72,$37.4,$36.67
02/13/2017,$35.52,10127120,$35.38,$35.54,$35.18
02/10/2017,$35.17,10321670,$35.21,$35.32,$35.08
02/09/2017,$35.08,14828200,$35.28,$35.4,$35.02
02/08/2017,$35.14,16865060,$35.2,$35.33,$34.72
02/07/2017,$35.1,39452960,$35.75,$35.96,$34.8
02/06/2017,$36.83,13908210,$36.41,$36.83,$36.26
02/03/2017,$36.33,13950400,$35.92,$36.33,$35.68
02/02/2017,$35.73,11761010,$36.08,$36.14,$35.47
02/01/2017,$36.14,13738690,$36.68,$37.11,$35.86
01/31/2017,$36.61,10679030,$36.25,$36.65,$36.12
